99,1,2017 10 2,2017 10 5
1,1,2017 11 24,2017 11 26
1,2,2017 11 24,2017 11 26
1,3,2017 11 24,2017 11 26
1,4,2017 11 24,2017 11 26
1,5,2017 11 24,2017 11 26
1,6,2017 11 24,2017 11 26
1,7,2017 11 24,2017 11 26
1,8,2017 11 24,2017 11 26
1,9,2017 11 24,2017 11 26
1,10,2017 11 24,2017 11 26
1,11,2017 11 24,2017 11 26
1,12,2017 11 24,2017 11 26
1,13,2017 11 24,2017 11 26
1,14,2017 11 24,2017 11 26
1,15,2017 11 24,2017 11 26
1,16,2017 11 24,2017 11 26
1,17,2017 11 24,2017 11 26
1,18,2017 11 24,2017 11 26
1,19,2017 11 24,2017 11 26
1,20,2017 11 24,2017 11 26
